Feature_ID,Pass_N,Fail_N,Pass_Mean,Fail_Mean,F_stat,p_value,Eta_Squared,BH_Adjusted_p,BH_Significant,Bonferroni_Adjusted_p,Bonferroni_Significant
59,1456,104,2.563464217032967,8.515123076923079,38.75706032249528,6.158394323177982e-10,0.024272358823744643,3.6334526506750097e-07,True,3.633452650675009e-07,True
103,1461,104,-0.009912662559890486,-0.008052884615384615,36.56998586109344,1.8390389964533636e-09,0.022862385631352556,5.425165039537423e-07,True,1.0850330079074846e-06,True
510,1461,104,54.44059137577002,74.34794903846154,27.543103493567738,1.7470623461839753e-07,0.017316791624867222,3.435889280828485e-05,True,0.00010307667842485454,True
348,1439,104,0.02429068797776233,0.03044807692307692,26.565103540863714,2.877548412809987e-07,0.016946730621176537,4.2443839088947304e-05,True,0.00016977535635578922,True
431,1462,103,21.191220656634748,38.92410291262136,23.165814790740125,1.629757863204241e-06,0.014604913669631913,0.00019231142785810045,True,0.0009615571392905022,True
434,1462,103,13.719237346101233,29.136890291262137,19.8970387725126,8.756521971663399e-06,0.012570014527250702,0.0008610579938802343,True,0.005166347963281405,True
430,1462,103,17.368449863201093,33.37019805825242,19.16758392747461,1.2767722928083028e-05,0.012114762128986477,0.0010761366467955695,True,0.007532956527568986,True
435,1462,103,8.376003761969905,23.48906893203884,18.81659410421023,1.531226170477169e-05,0.011895559936811862,0.0011143074542434863,True,0.009034234405815297,True
21,1462,103,-5636.437585499316,-5362.27427184466,18.615052640113053,1.6997910318968436e-05,0.011769648125844467,0.0011143074542434863,True,0.010028767088191377,True
28,1462,103,69.59803235294117,68.10140582524272,18.18843816406032,2.1207677719395562e-05,0.011503017429838445,0.0012089170288181641,True,0.012512529854443382,True
436,1462,103,6.5329430232558146,21.428146601941748,18.071139267766785,2.2539131045762382e-05,0.011429681321066922,0.0012089170288181641,True,0.013298087316999805,True
129,1454,104,-0.5879594222833563,-0.08264134615384615,16.806848892019207,4.351955026227231e-05,0.010685895031458552,0.0021397112212283888,True,0.025676534654740665,True
298,1462,103,0.06205738714090288,0.08860291262135923,16.60188370695706,4.841829626953139e-05,0.010510169605518777,0.00219744575377104,True,0.02856679479902352,True
210,1439,104,0.08770653231410702,0.10490576923076923,16.37659291872172,5.449634402004251e-05,0.010515499586410187,0.0022966316408446485,True,0.03215284297182508,True
163,1462,103,0.13695690834473323,0.18630097087378644,15.893327409878614,7.010501518094945e-05,0.010066118548965636,0.0027574639304506782,True,0.041361958956760175,True
124,1454,104,15.791836313617605,15.834807692307692,13.86947332007595,0.00020294784021812043,0.008834793946750578,0.007483701608043191,True,0.11973922572869106,False
295,1462,103,246.0590158002736,351.50814368932043,13.414974677302508,0.0002579458175465119,0.00850979906483609,0.008952237197202473,True,0.15218803235244202,False
160,1462,103,541.6046511627907,750.3980582524272,12.791436174386881,0.00035881707280544526,0.008117467756672915,0.011761226275289595,True,0.2117020729552127,False
316,1462,104,6.00126073871409,5.635603846153846,12.604121193313127,0.0003962922330293938,0.007994474341328753,0.012305916709860124,True,0.23381241748734236,False
164,1462,103,0.12227633378932967,0.20836893203883494,12.211246424199047,0.00048827889773437656,0.0077521325802613035,0.013747519251791651,True,0.2880845496632822,False
299,1462,103,0.0572109439124487,0.10364271844660194,12.207247381158725,0.0004893184818434317,0.007749613520032833,0.013747519251791651,True,0.2886979042876247,False
300,1462,103,0.11345389876880985,0.1883961165048544,11.326866395434136,0.0007824475618994338,0.007194736135938563,0.020094167769163312,True,0.46164406152066595,False
121,1454,104,15.794160935350757,15.828076923076923,11.324953797309423,0.0007833319638826376,0.00722565781261316,0.020094167769163312,True,0.4621658586907562,False
165,1462,103,0.2429199726402189,0.3812718446601943,11.172867688192644,0.0008496254037642502,0.007097611652144009,0.020886624509204487,True,0.5012789882209077,False
125,1454,104,1.191248280605227,1.0969807692307691,11.028273733785799,0.0009181031843017917,0.007037699267230543,0.021667235149522283,True,0.5416808787380571,False
294,1462,103,391.4182911080711,549.3839077669903,10.615226155797808,0.0011456777984266335,0.006745757145302835,0.02599807311814284,True,0.6759499010717138,False
26,1462,103,1.9425754445964432,1.8803,10.455042147901235,0.0012486739270990972,0.006644639896179783,0.027285837666239533,True,0.7367176169884674,False
33,1462,104,8.931261764705882,9.368187499999998,10.315450449842261,0.0013460415775425289,0.006552340223107545,0.02836301895536043,True,0.794164530750092,False
180,1462,104,19.082701778385772,18.03701923076923,9.734678131007916,0.0018412692736934377,0.006185717495003032,0.03733226170518451,True,1.0,False
159,1462,103,862.2756497948017,1172.3106796116506,9.623537909598872,0.001955371091952742,0.006119416171521197,0.03733226170518451,True,1.0,False
122,1454,104,3.917335625859698,3.6335096153846154,9.617877265885452,0.0019615256150181688,0.006143183087996958,0.03733226170518451,True,1.0,False
452,1462,104,5.365711764705882,5.081178846153847,9.352962708626107,0.002264028528419159,0.005944605521016923,0.04156754702444105,True,1.0,False
79,1439,104,0.002979082696316886,0.010089423076923076,9.254849604121361,0.002388399844273371,0.005969889148538843,0.04156754702444105,True,1.0,False
130,1454,104,0.7432802613480054,0.7686903846153847,9.24914759713794,0.0023954179641203317,0.0059090577441532335,0.04156754702444105,True,1.0,False
64,1456,104,20.440290521978024,21.967568269230767,9.186793493971662,0.002477851245888935,0.005861964592931563,0.04176949243069919,True,1.0,False
127,1454,104,0.6511958046767538,0.610475,8.821552096616951,0.003022535173916545,0.005637417304738318,0.04953599312807671,True,1.0,False
22,1462,103,2705.15817373461,2617.339805825243,8.539231629849724,0.00352566477575224,0.005433673851713905,0.05622005993767086,False,1.0,False
123,1454,104,15.827565337001374,15.858942307692306,8.18228040416727,0.0042866391681765335,0.005231027423512929,0.06655571340063565,False,1.0,False
437,1462,103,3.9868538987688096,4.441639805825242,7.6984215560842655,0.005592692094110312,0.00490127286717298,0.08460739321859191,False,1.0,False
14,1460,104,9.056840547945205,8.282810576923076,7.467910981215697,0.006351642707400472,0.004758243815604259,0.09368672993415696,False,1.0,False
114,1463,104,9.200273410799727e-05,0.0005519230769230768,7.411519135691543,0.006552685395948882,0.004713472933450301,0.09429474106365464,False,1.0,False
133,1455,104,1003.9246225429551,1005.7005471153848,7.190703274506639,0.00740564809084682,0.004597075829345022,0.10328726861758585,False,1.0,False
111,519,30,231.8765227360308,230.82198333333335,7.195969658958011,0.007527716187383376,0.012984521817049236,0.10328726861758585,False,1.0,False
249,1463,104,0.0007857826384142174,0.004996153846153845,6.946863556926773,0.008479593789939654,0.004419273779526958,0.11331350879234786,False,1.0,False
387,1463,104,0.00025105946684894046,0.0015798076923076924,6.912664474078633,0.008642555755348566,0.004397613576318777,0.11331350879234786,False,1.0,False
100,1457,104,-2.7453671928620443e-05,6.538461538461539e-05,6.642681492377493,0.010047559767552212,0.004242782577979835,0.12887087527947402,False,1.0,False
56,1460,103,0.928733698630137,0.9304883495145633,6.414424847563085,0.011416971069752901,0.004092360479704021,0.1433194240671109,False,1.0,False
460,1462,104,28.98199001367989,32.225772115384615,5.7625349797404395,0.01648765248744356,0.0036709596842396356,0.19888015949781365,False,1.0,False
200,1456,104,17.459471153846152,19.570288461538464,5.743537431765822,0.01666668200403905,0.003672940795137557,0.19888015949781365,False,1.0,False
95,1457,104,5.8339052848318466e-05,8.365384615384616e-05,5.723800849205804,0.01685425080489946,0.0036580263213861703,0.19888015949781365,False,1.0,False
63,1456,104,13.875941071428569,15.585729807692307,5.614295264944276,0.01793582791205053,0.003590588345185843,0.2048695809265074,False,1.0,False
247,781,71,0.05174135723431498,0.07132816901408451,5.612413943632889,0.018056302047759973,0.00655952841750451,0.2048695809265074,False,1.0,False
471,1457,104,9.476705078929307,11.909639423076923,5.567072723041956,0.0184240251089368,0.0035582192800164064,0.20509763800514552,False,1.0,False
557,1221,86,1.5912058149058148,2.075467441860465,5.40351045609284,0.020249112621042464,0.004123546993713503,0.21630873440495724,False,1.0,False
554,1221,86,0.4934769041769042,0.6481976744186047,5.380852919795481,0.02051261244586997,0.004106327490825164,0.21630873440495724,False,1.0,False
551,1221,86,1.2075757575757575,1.5591860465116278,5.379283226725167,0.02053099851979255,0.004105134517602433,0.21630873440495724,False,1.0,False
455,1462,104,3.6225541039671683,3.834556730769231,4.968452184844731,0.02595533468772043,0.003166699864440228,0.2663356963057166,False,1.0,False
477,1457,104,6.105093548387096,8.398981730769231,4.936335326215242,0.026440843191064694,0.0031563531166283686,0.2663356963057166,False,1.0,False
197,1457,104,19.93495538778312,22.302788461538462,4.89997271548764,0.027001422450173496,0.003133175267584108,0.2663356963057166,False,1.0,False
58,1460,103,4.592049383561644,4.611205825242719,4.888039036034594,0.02718789536697481,0.0031215763286905535,0.2663356963057166,False,1.0,False
183,1462,104,26.559824076607388,28.08586538461539,4.850335449048524,0.02778622505616996,0.0030916495598416957,0.2663356963057166,False,1.0,False
468,1456,104,227.59087953296702,176.3233951923077,4.802473945017128,0.02856650563749415,0.0030729884454905785,0.2663356963057166,False,1.0,False
76,1439,104,-0.02889339819318971,-0.03626826923076923,4.796706126025581,0.02866362907022963,0.0031030640103036416,0.2663356963057166,False,1.0,False
365,1461,104,0.005159479808350445,0.005747115384615384,4.763978754158831,0.029209691056815312,0.0030387091543872314,0.2663356963057166,False,1.0,False
126,1454,104,2.746995873452545,2.802913461538462,4.734910370736708,0.02970640957102045,0.0030337697576150067,0.2663356963057166,False,1.0,False
511,1461,104,271.14984818617387,343.82616923076927,4.729821086480389,0.029793484671486938,0.003016987380646043,0.2663356963057166,False,1.0,False
65,1456,104,27.027495535714284,28.592296153846153,4.6973092745106575,0.030360942242489454,0.003005898357047412,0.2673575510905788,False,1.0,False
205,1457,104,8.88474262182567,11.367019230769232,4.500602774823615,0.03404030949481955,0.002878542398279969,0.28890999490115454,False,1.0,False
337,1456,104,2.3031941620879124,2.6675057692307695,4.470672681161546,0.03463988982460322,0.002861284220771953,0.28890999490115454,False,1.0,False
196,1456,104,8.464258241758241,11.827692307692306,4.45287502390667,0.03500159400795342,0.0028499259690238873,0.28890999490115454,False,1.0,False
319,1462,104,7.885228522571818,8.349119230769231,4.409888757113976,0.03589100005953147,0.0028116940531461585,0.28890999490115454,False,1.0,False
90,1413,103,8833.289516985138,8748.61942038835,4.391707413697924,0.0362798431483083,0.0028923415428673423,0.28890999490115454,False,1.0,False
575,1463,104,0.10568195488721806,0.09132596153846155,4.363765762455702,0.03687227455222932,0.002780595460183588,0.28890999490115454,False,1.0,False
38,1462,104,86.83031080711355,86.92465865384614,4.339490083883957,0.03740016051222454,0.0027669328683739697,0.28890999490115454,False,1.0,False
469,1457,104,5.617964035689774,6.283320192307693,4.335512275665906,0.03748791596669235,0.002773244925112029,0.28890999490115454,False,1.0,False
166,1462,103,2.7733242134062928,3.009708737864077,4.297107289755548,0.038340797681921744,0.002741731143233136,0.28890999490115454,False,1.0,False
32,1462,104,85.30929938440491,85.73346442307692,4.262346580563327,0.03913059840798886,0.0027178785423607613,0.28890999490115454,False,1.0,False
68,1457,104,147.49656225120108,146.61122596153845,4.240886169676198,0.03962731091870775,0.00271288078964424,0.28890999490115454,False,1.0,False
70,1457,104,619.2342210706933,617.2449288461539,4.230215275213831,0.039876487355242664,0.002706073125940045,0.28890999490115454,False,1.0,False
199,1457,104,11.303706245710364,14.731153846153846,4.225045790567901,0.03999779145349125,0.002702775139091488,0.28890999490115454,False,1.0,False
573,1463,104,0.3490719070403281,0.29730865384615385,4.222486231331311,0.04005735807221562,0.002690814252523298,0.28890999490115454,False,1.0,False
519,781,71,11.393324455825866,15.41470985915493,4.224322093673584,0.04015359251168589,0.004945214019802102,0.28890999490115454,False,1.0,False
40,1439,104,68.23984155663655,63.27060576923077,4.144715430414547,0.041935413069861066,0.0026824124556255498,0.29746888245637887,False,1.0,False
543,1461,104,0.00849185489390828,0.008175961538461536,4.127860698582664,0.04235150190904377,0.002634029297866337,0.29746888245637887,False,1.0,False
542,1461,104,0.11124565366187543,0.11068557692307694,4.074214214457599,0.04371302471000269,0.002599885938713943,0.3034198185753128,False,1.0,False
280,1461,104,0.018120807665982203,0.016807692307692305,3.9907189981121935,0.04592458508899058,0.002546740672889083,0.3150640139826098,False,1.0,False
341,1457,104,2.683375909402883,3.414610576923077,3.865137957700688,0.049476362727286796,0.002473110355991124,0.33178902460937304,False,1.0,False
577,1463,104,16.80752918660287,14.318917307692308,3.8647471676258474,0.04948717655190649,0.0024634036647219744,0.33178902460937304,False,1.0,False
550,1221,86,16.94230139230139,18.021511627906975,3.8010258413914833,0.051435132124671976,0.002904204509579999,0.33765664170890114,False,1.0,False
31,1462,103,3.6801824213406293,3.5739291262135926,3.7975306316649404,0.0515069453454256,0.0024237532657674795,0.33765664170890114,False,1.0,False
553,1221,86,7.672856592956593,8.144241860465119,3.7209760342030207,0.05394959123891433,0.0028432157062834593,0.34843446656959703,False,1.0,False
333,1457,104,6.171586479066574,6.836201923076923,3.7080549078731377,0.05433215410915751,0.002372839185302431,0.34843446656959703,False,1.0,False
301,1462,103,0.9059264021887824,0.9700388349514564,3.5945653265957165,0.05815307954049745,0.0022945089981506197,0.3638554654742289,False,1.0,False
423,1460,104,77.24380842465753,83.5093951923077,3.5928519276588724,0.05821303333501834,0.002294882685006596,0.3638554654742289,False,1.0,False
433,1462,103,202.657510875513,246.1401019417476,3.574776344825317,0.058848159871886796,0.0022819059765318605,0.3638554654742289,False,1.0,False
281,1461,104,0.015164613278576315,0.014102884615384614,3.564752777927203,0.05920360116190843,0.0022755221395132003,0.3638554654742289,False,1.0,False
569,1214,80,20.981064250411865,23.1907275,3.5199822843833783,0.060858385939231784,0.002717042062274179,0.36678370612257966,False,1.0,False
138,1449,104,57.44575458937197,59.79421923076923,3.517181249198699,0.06092339525425899,0.0022625554040980986,0.36678370612257966,False,1.0,False
188,1462,104,42.93837346101231,47.049798076923075,3.4871333856725566,0.0620345253972947,0.0022246647589001687,0.3671120553102328,False,1.0,False
411,1449,104,2.6091006211180123,2.713416346153846,3.477540653244905,0.06239586534337951,0.0022371121886930103,0.3671120553102328,False,1.0,False
582,1462,104,0.5000534883720931,0.5006961538461538,3.4656166305597433,0.06284460607853137,0.0022109681984661157,0.3671120553102328,False,1.0,False
99,1457,104,0.0007617707618393958,0.01244423076923077,3.370727261677017,0.06655480042699677,0.0021574439426324866,0.3849738456071382,False,1.0,False
556,1221,86,4.199779524979525,4.46003953488372,3.327369318911341,0.06836436455991142,0.0025432238115170426,0.38830086440177214,False,1.0,False
488,1439,104,355.759291104934,309.1308076923077,3.3245519232666974,0.06844625406404119,0.002152754690797588,0.38830086440177214,False,1.0,False
545,1461,104,7.627522861054072,7.384951923076924,3.305792773702366,0.06922736460434349,0.0021105666524084354,0.3889918582529777,False,1.0,False
203,1457,104,29.861011393273852,33.04502115384616,3.2320777960191465,0.07240244456079666,0.0020688845415201885,0.40299473859311347,False,1.0,False
349,1439,104,0.02512369701181376,0.027030769230769226,3.1418887102451682,0.076502928709308,0.002034715030539998,0.4218385788644086,False,1.0,False
562,1214,80,262.8255634266886,261.2747,3.1053630626923887,0.07827126843823509,0.0023977686690668555,0.4275930405422102,False,1.0,False
475,1457,104,4.2315596431022655,4.697063461538462,3.089200506811706,0.07900976527071067,0.0019776082606610583,0.42766753678641556,False,1.0,False
547,1221,86,403.4817182637183,404.4659069767442,3.039519431149316,0.08149546588085163,0.002323721405964101,0.43134331778288726,False,1.0,False
145,1461,104,0.06393230663928816,0.05925384615384615,3.020751358768695,0.08240231449882217,0.0019289344385428628,0.43134331778288726,False,1.0,False
211,1439,104,0.0564589298123697,0.06085096153846154,2.996141168585495,0.08366325884468766,0.00194051078801133,0.43134331778288726,False,1.0,False
213,1439,104,0.059718902015288386,0.06902499999999999,2.990802066793323,0.08393893900891067,0.001937059510192561,0.43134331778288726,False,1.0,False
143,1454,104,0.004184456671251719,0.003959615384615384,2.990131690098711,0.08397169213785399,0.001917992698810169,0.43134331778288726,False,1.0,False
115,1463,104,747.9533277511962,739.3719509615386,2.9880062999502384,0.08408061624570012,0.0019056308389763144,0.43134331778288726,False,1.0,False
146,1461,104,0.05526351813826146,0.05144903846153846,2.9641567267076545,0.08532669488521885,0.0018928637120938611,0.43134331778288726,False,1.0,False
484,1439,104,217.79632022237666,180.59559615384615,2.9587402619197123,0.0856152349543171,0.0019163337625316278,0.43134331778288726,False,1.0,False
181,1462,104,0.5493632010943912,0.5103173076923077,2.9432429924256214,0.08643548896962235,0.00187833414234254,0.43134331778288726,False,1.0,False
78,1439,104,-0.013082835302293254,-0.021387500000000004,2.922435272139998,0.08755726034905227,0.001892864048979818,0.43134331778288726,False,1.0,False
102,1457,104,0.0018416609471516828,-0.009071153846153847,2.9191899536740684,0.08773084429482453,0.0018689763032879126,0.43134331778288726,False,1.0,False
175,1462,104,0.776713269493844,0.7967451923076924,2.8829139516594715,0.08972280814706268,0.0018399038792176405,0.4374913785683222,False,1.0,False
351,1439,104,0.027299861014593467,0.031519230769230765,2.865421568570065,0.09070412756568548,0.0018560047582766538,0.43865110871929863,False,1.0,False
417,1461,104,8.237010814510608,7.543214423076924,2.8462155285966375,0.09178884171909987,0.0018176852237279256,0.4402879399534059,False,1.0,False
416,1454,104,3.4160290921595595,3.2410451923076926,2.775090706579894,0.09594251798881129,0.0017803021892798853,0.45650069043063435,False,1.0,False
567,1214,80,0.0597004942339374,0.0659425,2.7282857782421526,0.09882804681156827,0.00210722651865308,0.4576641743117385,False,1.0,False
227,1461,104,0.019005407255304585,0.02080576923076923,2.7232577013826256,0.09909690348352078,0.001739296959400478,0.4576641743117385,False,1.0,False
565,1214,80,0.14465510708401977,0.16009250000000003,2.7215672821358416,0.09924383913536981,0.0021020483097759267,0.4576641743117385,False,1.0,False
453,1462,104,5.485977154582763,5.109446153846154,2.7201446234850963,0.09928985476593649,0.0017362032605630375,0.4576641743117385,False,1.0,False
446,1462,104,1.1730511627906979,1.202444230769231,2.706114817263156,0.10016512944633457,0.0017272638382334895,0.4581195842894372,False,1.0,False
37,1462,104,66.2179221614227,66.26838653846153,2.6759269365517615,0.10207720347261988,0.0017080283743066487,0.46327346191419794,False,1.0,False
334,1457,104,0.16648064516129032,0.1947471153846154,2.597618412777882,0.10722684542696843,0.0016634364590144071,0.4829300671901632,False,1.0,False
479,1457,104,3.2553563486616333,3.676194230769231,2.471606216177264,0.11612232374676901,0.0015828697789558714,0.5062535173845133,False,1.0,False
317,1462,104,0.17339555403556772,0.16185480769230767,2.469897836929026,0.11624773414518003,0.0015767285667854917,0.5062535173845133,False,1.0,False
324,1462,104,13.262205471956225,14.315735576923077,2.464437516810643,0.11665165931093334,0.001573248302219559,0.5062535173845133,False,1.0,False
198,1457,104,0.5516643788606727,0.6371346153846154,2.4549134517804103,0.11736056623136246,0.0015721961810306324,0.5062535173845133,False,1.0,False
336,1456,104,9.656458310439561,10.855379807692307,2.44599343206226,0.11802835030738038,0.001567496371138427,0.5062535173845133,False,1.0,False
310,1462,104,0.3042941176470588,0.31118557692307697,2.4436297712219726,0.11820519233934755,0.0015599857695350922,0.5062535173845133,False,1.0,False
67,1457,104,13.468253328757722,62.207329807692304,2.440893399585794,0.11841183965942853,0.0015632313780840307,0.5062535173845133,False,1.0,False
85,215,11,0.11285162790697675,0.11144545454545454,2.428341865345619,0.12057058641990055,0.010724549079592593,0.5117744315664844,False,1.0,False
66,1457,104,706.7896903912148,704.9710125,2.378717620050249,0.1232014224308724,0.001523472552306743,0.5192059945301051,False,1.0,False
104,1461,104,-5.817932922655711e-06,-0.00013846153846153847,2.362426583161149,0.1244911216723036,0.0015091882512587211,0.5209202963592845,False,1.0,False
360,1463,104,0.0027390293916609706,0.005840384615384616,2.3362028971109914,0.12659939823111024,0.001490556329135182,0.5260115841996834,False,1.0,False
279,1461,104,0.04126440793976728,0.03814134615384615,2.3023084541441716,0.12938410209215423,0.0014708394932464383,0.530119242101112,False,1.0,False
144,1461,104,0.12063559206023272,0.11119326923076923,2.302297230405605,0.12938503536027143,0.0014708323334599429,0.530119242101112,False,1.0,False
470,1457,104,5.316851750171586,6.080841346153846,2.283370164846932,0.1309701025600503,0.0014624956676543882,0.5329128311064115,False,1.0,False
445,1462,104,0.6456683310533516,0.6670740384615385,2.231513072942581,0.1354230797410202,0.001424765786102939,0.5472576510082322,False,1.0,False
30,1462,103,0.18383214774281806,0.18879708737864076,2.187139917589662,0.13936901969622068,0.0013973663990778779,0.5591877451919242,False,1.0,False
174,1462,104,0.319406292749658,0.3300442307692308,2.166185238788043,0.14127699246375888,0.0013831132731663366,0.5591877451919242,False,1.0,False
172,1462,104,0.31940642954856363,0.3300384615384615,2.1640133394160386,0.14147643641830504,0.0013817284275366853,0.5591877451919242,False,1.0,False
195,1460,103,0.28318698630136985,0.3423300970873786,2.156530717728603,0.1421663758962519,0.0013795999794968857,0.5591877451919242,False,1.0,False
443,1462,104,0.6325339945280438,0.6537211538461538,2.1165345819132035,0.14591658879231134,0.0013514540809558679,0.5661594190181092,False,1.0,False
521,1463,104,10.600730006835269,25.8089125,2.113298750421685,0.14622474285700363,0.0013485296513703116,0.5661594190181092,False,1.0,False
170,1462,104,0.6827922024623804,0.7059528846153846,2.1019039091661837,0.14731634173815344,0.001342124611380387,0.5661594190181092,False,1.0,False
25,1462,103,1.2055668946648426,1.1794000000000002,2.090205582086442,0.14844659396028018,0.0013355176427731856,0.5661594190181092,False,1.0,False
467,1460,103,6.167931506849316,7.445026213592232,2.087220467769939,0.14873679652170665,0.0013353192582211213,0.5661594190181092,False,1.0,False
158,130,8,1027.4569415384615,1237.799925,2.0295308439646775,0.1565588891356215,0.014703598799150884,0.5921137473719018,False,1.0,False
318,1462,104,3.2003329685362525,3.0262288461538462,1.9918888750948749,0.15834241520527706,0.0012719662785263424,0.5948277971701551,False,1.0,False
278,1454,104,0.0011207015130674002,0.0010721153846153845,1.982825071125833,0.1592928677167534,0.0012726873744807277,0.5948277971701551,False,1.0,False
587,1462,104,0.016391792065663473,0.01764326923076923,1.9615201041081112,0.16154919696232944,0.001252597895239281,0.5990754803251966,False,1.0,False
207,1457,104,20.210871654083732,22.692019230769233,1.9530151293415103,0.162461147206833,0.0012511684275004838,0.5990754803251966,False,1.0,False
494,1463,104,0.8944098427887902,1.8290673076923079,1.9394924920229901,0.16392146412911976,0.0012377583827046618,0.6007059865601284,False,1.0,False
377,1461,104,0.0015750855578370976,0.0015096153846153846,1.9130740688757102,0.1668197239559316,0.001222479446670848,0.607553315641973,False,1.0,False
331,1460,103,0.08264486301369862,0.09155242718446603,1.898823852751796,0.16840751782685595,0.0012149371563739174,0.6093527663098549,False,1.0,False
574,1463,104,9.41139090909091,5.658487500000001,1.8881422733544169,0.16960835963346238,0.0012050268442359681,0.6093527663098549,False,1.0,False
332,1456,104,2.5411085164835168,3.3267490384615384,1.881051100139748,0.1704122143069933,0.0012058939358312575,0.6093527663098549,False,1.0,False
340,1457,104,12.254869938229238,48.55767596153846,1.8684308068850946,0.1718519803249892,0.0011970456766296552,0.6106312507098929,False,1.0,False
335,1457,104,3.3736224433768016,4.173675,1.8598438727292648,0.17283969299754592,0.0011915508493797315,0.6106312507098929,False,1.0,False
293,130,8,331.65455461538465,398.87093749999997,1.8064799173329185,0.1811689213423133,0.013108816932386509,0.6362479975712193,False,1.0,False
10,1461,104,6.228610540725506e-05,0.0013182692307692307,1.7708767939284131,0.18346770354739386,0.0011317163555323686,0.6405085508459313,False,1.0,False
454,1462,104,7.910945485636114,7.501317307692309,1.7411162323530052,0.18719057782290405,0.0011120077350607234,0.6496614171500787,False,1.0,False
441,1462,104,0.8004476744186046,0.8250413461538462,1.731408046168835,0.1884240123267328,0.0011058142139011011,0.6501179372676746,False,1.0,False
359,1463,104,0.019777033492822966,0.020724999999999997,1.7141130313291126,0.19064478200155294,0.0010940815666826273,0.6539559382611408,False,1.0,False
11,1461,104,0.9644611225188228,0.9628307692307693,1.665081388016168,0.19710949629600877,0.0010641775085432825,0.6710723546984164,False,1.0,False
214,1439,104,0.08376601806810284,0.07638365384615384,1.6591650501113542,0.1979094740974991,0.0010755227646525917,0.6710723546984164,False,1.0,False
572,1463,104,29.191639644565964,18.01961346153846,1.6277132523949476,0.2022089537555939,0.0010389917391514403,0.681733044090288,False,1.0,False
110,519,30,101.2937310211946,101.74248000000001,1.61754476415356,0.20397492885261828,0.002948401449408718,0.6837795910400272,False,1.0,False
128,1454,104,3.189916781292985,3.2238557692307697,1.6025595578262528,0.20573036236201075,0.0010288629458089762,0.6857678745400358,False,1.0,False
222,1463,104,0.008354613807245385,0.015384615384615382,1.5341679405839843,0.21567373481983443,0.0009793389585628066,0.7057045178169032,False,1.0,False
182,1462,104,10.815259917920656,10.2925,1.5307659365461876,0.216183254093981,0.0009777935827600512,0.7057045178169032,False,1.0,False
9,1461,104,-0.0007152635181382613,-0.00260769230769231,1.5221891699632801,0.21747399642347298,0.0009729418863473321,0.7057045178169032,False,1.0,False
588,1462,104,0.005259507523939808,0.005618269230769231,1.5207876037250188,0.21768565662122247,0.0009714260045392469,0.7057045178169032,False,1.0,False
93,1461,104,-0.0005655030800821353,-0.00018942307692307694,1.5163100532880822,0.21836399042596122,0.0009691877569729119,0.7057045178169032,False,1.0,False
272,1457,103,41.15156609471517,43.371633009708745,1.5075099772559695,0.21970489892153178,0.0009666577221407292,0.7057045178169032,False,1.0,False
385,781,71,0.011244942381562099,0.013429577464788732,1.5060400137008791,0.22008412081069526,0.0017686780162788343,0.7057045178169032,False,1.0,False
343,1457,104,6.154236238846946,6.818742307692308,1.4858651913065335,0.22304351451156104,0.0009521811279747661,0.7066228392999713,False,1.0,False
80,1439,104,-0.018120708825573314,-0.024204807692307692,1.4820643320587639,0.22363820726396816,0.0009608308364353931,0.7066228392999713,False,1.0,False
112,781,71,0.4569235595390525,0.46429295774647894,1.476584408563948,0.22464710800223853,0.0017341456425247544,0.7066228392999713,False,1.0,False
485,1439,104,202.92620903405142,176.0055971153846,1.4701869266682144,0.2255020566707656,0.0009531379855046184,0.7066228392999713,False,1.0,False
19,1454,103,12.479256052269603,12.506132038834949,1.4628387384505142,0.22666283469388682,0.0009398481621544104,0.7066228392999713,False,1.0,False
134,1455,104,39.41640233676976,39.050279807692306,1.4552893525671702,0.22786438969249595,0.0009338024404740799,0.7066228392999713,False,1.0,False
87,1463,104,0.9825244702665756,0.9809548076923077,1.449724900820302,0.22875417340049917,0.000925484474717042,0.7066228392999713,False,1.0,False
204,1457,104,27.641543033630747,96.33493653846152,1.4347903215382107,0.2311663202315115,0.0009194811154156342,0.7086361686512076,False,1.0,False
418,1461,104,322.5749663928816,287.7276673076923,1.424728546014286,0.2328078067470133,0.0009107044397964995,0.7086361686512076,False,1.0,False
89,1413,103,0.18826999292285915,0.19464660194174757,1.4235361587677897,0.23300918087853265,0.0009393652169189062,0.7086361686512076,False,1.0,False
499,1461,104,265.7990736481862,226.6257798076923,1.4128909133905307,0.23475764217931386,0.000903144509737202,0.7102923532604881,False,1.0,False
339,1457,104,9.280361839396019,10.009767307692307,1.3998753758669253,0.23692482825597486,0.0008971260495196634,0.7131920850562509,False,1.0,False
137,1457,103,122.27824296499658,128.55922330097087,1.3903145196358355,0.23853202256887962,0.0008915757053833642,0.7143852452570506,False,1.0,False
410,1457,103,4.9126717227179135,5.165185436893204,1.3612935609393588,0.24349197306767958,0.0008729814999003406,0.7255568894440958,False,1.0,False
27,1462,103,6.648314158686731,6.50114077669903,1.3465119563484755,0.24606603602370875,0.0008607504450305898,0.7295425188642621,False,1.0,False
363,1413,103,332.2118511677283,348.5162077669903,1.3249199871853856,0.24989272330830326,0.0008743471249694636,0.7371835337594946,False,1.0,False
106,1457,104,0.000562525737817433,0.0002173076923076923,1.2960553714619105,0.2551099261649588,0.000830647085852792,0.7461201516043279,False,1.0,False
201,1456,104,7.800068681318682,8.389423076923077,1.2941945400338613,0.25545130614249867,0.0008299874036378514,0.7461201516043279,False,1.0,False
476,1457,104,20.018234660260813,21.72812980769231,1.27182475233487,0.25959816674559627,0.0008151302434348239,0.7511892825272741,False,1.0,False
576,1463,104,5.69223014354067,3.7563278846153847,1.271100009839663,0.25973324345010834,0.0008115453383719318,0.7511892825272741,False,1.0,False
270,1458,104,29.323677023319622,28.371660576923077,1.246524034881145,0.2643893424817709,0.000798415891207013,0.7599469963306674,False,1.0,False
47,1462,104,1.1765340629274965,1.197976923076923,1.24158281383765,0.26533742583748726,0.000793221204617921,0.7599469963306674,False,1.0,False
8,1461,104,1.4623094455852155,1.4706192307692305,1.22790177066826,0.2679859685939544,0.0007849890474899884,0.7638247414030584,False,1.0,False
75,1439,104,-0.0070705350938151485,-0.004585576923076921,1.2053679303305977,0.272422950406492,0.000781587170811255,0.7727381766337994,False,1.0,False
135,1458,104,118.38203017832647,112.0576923076923,1.1726770811768374,0.2790192035749596,0.000751151425074461,0.7876618665513212,False,1.0,False
408,1458,104,5.359734293552813,5.077336538461538,1.1648572502266745,0.2806273034583584,0.000746146215639529,0.7884290906687212,False,1.0,False
88,1463,104,1807.4316734791526,1813.2076903846157,1.1302887229994727,0.2878777787423347,0.0007217079773874864,0.8023459861298464,False,1.0,False
271,1457,104,45.92827062457104,47.8544173076923,1.1283101311438417,0.2883005916263177,0.0007232162404956188,0.8023459861298464,False,1.0,False
155,1454,103,0.5150729023383769,0.395631067961165,1.0892682036198726,0.2967956294971504,0.0007000036732322854,0.8182698242469938,False,1.0,False
428,1454,103,4.295597386519945,3.1641281553398057,1.0892657491316713,0.296796173540435,0.0007000020969923452,0.8182698242469938,False,1.0,False
561,1462,104,32.15216190150479,34.15173365384616,1.0724680124191006,0.3005487366952221,0.0006852513441636948,0.8247616495357258,False,1.0,False
239,1461,104,0.004584804928131417,0.004435576923076923,1.0406602870275377,0.3078258262645114,0.0006653665172851474,0.8408205439632487,False,1.0,False
486,1439,104,300.5426724113968,329.67441057692304,0.9967704639373719,0.3182499674640628,0.0006464154030863985,0.8580564134492259,False,1.0,False
579,573,45,0.016720942408376963,0.018211111111111112,0.996968326844438,0.3184372519030659,0.001615839911738934,0.8580564134492259,False,1.0,False
288,1460,104,0.0039039041095890407,0.004200961538461537,0.9937754365195189,0.31897577478093625,0.0006358153513707823,0.8580564134492259,False,1.0,False
0,1457,104,3014.947316403569,3007.52625,0.9862933409521462,0.32080411825973926,0.0006322448762289272,0.8580564134492259,False,1.0,False
86,1463,104,2.4016230348598766,2.405367307692308,0.9767375992977368,0.32315834005967453,0.0006237242072928337,0.8580564134492259,False,1.0,False
101,1457,104,-5.765271105010297e-06,-2.7884615384615386e-05,0.9744897451324814,0.32371617570954003,0.0006246831288194287,0.8580564134492259,False,1.0,False
497,1413,103,11.78714210898797,12.285918446601942,0.97209317008444,0.32431623762572437,0.0006416574763765629,0.8580564134492259,False,1.0,False
302,1462,103,0.40204220246238026,0.4217961165048544,0.9624327611310468,0.32672653040050453,0.0006153809969923023,0.8586097620233848,False,1.0,False
541,1455,104,9.59241615120275,9.880410576923076,0.9596156090081328,0.3274359261953586,0.0006159438276793883,0.8586097620233848,False,1.0,False
273,1449,104,20.155900414078676,20.534380769230772,0.9473267097871864,0.33055246258919724,0.0006104116380003554,0.8609223131083873,False,1.0,False
3,1449,104,1399.290291994479,1355.7814346153848,0.9415229311885901,0.33203777967426984,0.0006066742317779541,0.8609223131083873,False,1.0,False
83,1462,104,7.455438235294117,7.40466923076923,0.9389594798991406,0.33269540235374967,0.0005999975105809899,0.8609223131083873,False,1.0,False
238,1461,104,0.004780424366872005,0.004945192307692307,0.9142020114195394,0.33914981269777045,0.0005845602081263396,0.8735872082344139,False,1.0,False
559,1462,104,0.3244140902872777,0.3439,0.9089106226506992,0.34055094558290716,0.0005808073661546597,0.8735872082344139,False,1.0,False
483,1439,104,207.8032426685198,189.42007884615384,0.8811118442724528,0.34804443384301476,0.0005714525182934104,0.8889446578674403,False,1.0,False
81,1439,104,-0.021261362056984017,-0.019658653846153843,0.8598469640764542,0.3539267273087522,0.0005576686919822811,0.9000722806558784,False,1.0,False
20,1463,104,1.4049505126452493,1.4065134615384616,0.846650098218159,0.3576435435649858,0.000540697965643908,0.903468335438091,False,1.0,False
44,1462,104,10.032246785225718,10.015957692307692,0.8407674493819361,0.3593187380468897,0.0005372862637981582,0.903468335438091,False,1.0,False
558,1462,104,0.9944912448700409,1.0022865384615385,0.8388885641568875,0.359856031911782,0.0005360862196661352,0.903468335438091,False,1.0,False
344,1457,104,23.271913040494162,22.44988461538461,0.8289007461986743,0.362731322149608,0.0005314049161431358,0.90682830537402,False,1.0,False
424,1460,104,3.3540477397260275,2.773875961538462,0.8166585311675714,0.3662982931464625,0.000522555558074942,0.9069361596502951,False,1.0,False
406,1455,104,6.713319587628866,6.972583653846153,0.8147760893760981,0.36685157369290794,0.0005230250103426615,0.9069361596502951,False,1.0,False
208,1457,104,73.43497597803706,70.87344230769232,0.8084261995955607,0.36872480377111383,0.0005182855702127785,0.9069361596502951,False,1.0,False
118,1439,104,0.5984615010423906,0.5977221153846155,0.8077618947633525,0.36892318358656073,0.0005239057129732732,0.9069361596502951,False,1.0,False
167,1462,103,1.2320109439124487,1.2893203883495143,0.7891809283326466,0.3744845980907876,0.0005046594118678763,0.9121242481510435,False,1.0,False
555,1221,86,57.51724512694513,61.00195116279071,0.7869158500366822,0.3751977870094623,0.0006026372607083635,0.9121242481510435,False,1.0,False
151,1460,104,14.232823287671232,11.444384615384614,0.7852670688092674,0.37567151237407387,0.0005024791859486428,0.9121242481510435,False,1.0,False
544,1461,104,0.0025074606433949345,0.002533653846153846,0.7626166597323949,0.3826450275957231,0.00048768057990886127,0.9252482224650682,False,1.0,False
307,1462,104,0.12876080711354312,0.13117211538461537,0.7481378566904423,0.3871990826998668,0.00047812030485313396,0.9281336792055775,False,1.0,False
309,1462,104,0.12876128590971272,0.1311701923076923,0.7465137423254853,0.3877147358341464,0.00047708286023918553,0.9281336792055775,False,1.0,False
153,1460,104,0.011872328767123286,0.012686538461538456,0.7367621377135036,0.39083174982600344,0.0004714563294112696,0.9281336792055775,False,1.0,False
352,1439,104,0.023432870048644888,0.022288461538461538,0.7336542734323013,0.3918344263464646,0.00047586317610615086,0.9281336792055775,False,1.0,False
221,1463,104,0.060583321941216677,0.06260576923076923,0.7311085274623157,0.3926549837694518,0.000466943859951731,0.9281336792055775,False,1.0,False
526,1463,104,1.4489590567327408,1.3660653846153847,0.7262011389011783,0.3942477116858961,0.0004638110663109169,0.9281336792055775,False,1.0,False
254,1463,104,0.013995557074504443,0.01320673076923077,0.7243525648117848,0.3948500906450847,0.0004626309628672654,0.9281336792055775,False,1.0,False
392,1463,104,0.004549555707450443,0.0042971153846153845,0.7082189706297672,0.40016427667055593,0.00045233138719510805,0.9365328817788218,False,1.0,False
286,1460,104,4.315229657534247,3.484928846153846,0.7019354666408876,0.4022622886404486,0.0004491806471278749,0.9365328817788218,False,1.0,False
407,1455,104,1.2299321649484536,1.260889423076923,0.6991869141006619,0.4031853423251199,0.0004488587526875399,0.9365328817788218,False,1.0,False
220,215,11,0.009237674418604649,0.008727272727272717,0.6881327894691499,0.4076833515804284,0.003062612969034409,0.9432673624802068,False,1.0,False
305,1462,104,0.2645980848153215,0.26939711538461536,0.67884780072491,0.41010938587364815,0.0004338575942782589,0.9451739752556735,False,1.0,False
376,1461,104,0.0015978781656399727,0.0016423076923076925,0.6710725802325106,0.41280279434094763,0.0004291647981472009,0.946340945868378,False,1.0,False
98,1457,104,-0.015781606039807824,-0.0512201923076923,0.6681459265375796,0.4138236678543077,0.0004283898009218237,0.946340945868378,False,1.0,False
426,1460,104,1.2283993150684933,1.310483653846154,0.659763404147723,0.41676725261693404,0.0004222054087515974,0.949058736629685,False,1.0,False
43,1462,104,355.57293194254447,355.0605432692307,0.6556324443343051,0.4182292737690137,0.0004190266731793347,0.949058736629685,False,1.0,False
439,1462,103,70.85070184678523,67.70915728155339,0.6446657386193568,0.4221483714620606,0.00041228403917129155,0.9514018007055716,False,1.0,False
120,1463,104,6.311534859876965,6.301412499999999,0.643725125605841,0.4224869013302708,0.000411156839372482,0.9514018007055716,False,1.0,False
560,1462,104,0.07216764705882353,0.0763201923076923,0.6292000316087586,0.42776921588393174,0.0004021400288298623,0.9596343626293525,False,1.0,False
225,1413,103,1038.7113872611465,1073.2290932038836,0.609445912324158,0.4351185494694537,0.0004023782592726827,0.9689351304112114,False,1.0,False
388,1463,104,35.06453274094327,36.42900384615385,0.6089889803050668,0.43528674299202796,0.0003889789753325983,0.9689351304112114,False,1.0,False
57,1460,103,0.9492367808219179,0.9489067961165047,0.6006156342561116,0.4384606072046705,0.0003846153928498367,0.9689351304112114,False,1.0,False
161,1462,103,4088.8953488372094,3753.9417475728155,0.6005533308841462,0.4384842030843957,0.00038408360089462037,0.9689351304112114,False,1.0,False
493,1463,104,2.525005058099795,2.6009644230769235,0.5904538076032186,0.44235962096498627,0.0003771444863931114,0.9736841840090587,False,1.0,False
571,1463,104,2.103255434039645,2.081873076923077,0.5863899632672339,0.44393397542107926,0.00037454973230893014,0.9736841840090587,False,1.0,False
415,1449,104,6.651149068322981,6.344533653846154,0.5820605758323721,0.445621790707846,0.00037514005260949726,0.9737661352504784,False,1.0,False
489,1439,104,270.98388262682414,288.57741730769226,0.5771220944635932,0.447558782244849,0.00037437121126933045,0.9743899687249481,False,1.0,False
62,1457,104,116.54615223061084,115.8883798076923,0.5638930994433391,0.45280922037379995,0.00036157101478072676,0.9821964706637573,False,1.0,False
353,1439,104,0.04040972897845726,0.039234615384615396,0.5573661183398604,0.4554373055014734,0.0003615604132483909,0.9842784258090451,False,1.0,False
311,1462,104,0.09748707250341997,0.09533749999999999,0.5408740680962763,0.46218097918941325,0.00034570785401720076,0.9952072179626051,False,1.0,False
24,1462,103,-284.4415182626539,-499.539640776699,0.5282154748234846,0.46746691056794376,0.00033783558850779846,0.9987264104882463,False,1.0,False
215,1439,104,0.08122675469075748,0.07898365384615384,0.5266157709595986,0.468143335977637,0.0003416196422247491,0.9987264104882463,False,1.0,False
60,1457,104,355.18862855181885,354.7453269230769,0.5248387378392,0.4688935859410919,0.00033653759453047724,0.9987264104882463,False,1.0,False
269,1455,104,3.772312027491409,3.8555634615384613,0.5064575186118719,0.47678301156803526,0.000325172018495991,1.0,False,1.0,False
131,1454,104,0.9977975240715269,0.9979596153846154,0.5032962408624797,0.478161640072177,0.00032335057823380873,1.0,False,1.0,False
29,1462,103,2.3643329685362517,2.3926621359223303,0.46215914160917015,0.49671729135192216,0.00029559982562220533,1.0,False,1.0,False
568,1214,80,2.447583031301482,2.5257712499999996,0.46173834380667417,0.4969343933903898,0.0003572549423384551,1.0,False,1.0,False
580,573,45,0.005372076788830715,0.0056999999999999985,0.4616926467738231,0.49708921142659174,0.0007489397188518616,1.0,False,1.0,False
492,215,11,8.188857674418605,7.820790909090909,0.45694644465855866,0.4997518323199524,0.0020357866036069565,1.0,False,1.0,False
539,1455,104,3.039889896907217,2.9551192307692307,0.4441652568248042,0.5052176214371293,0.00028518855875104025,1.0,False,1.0,False
117,1463,104,58.65480881749829,58.219350000000006,0.43762641770030375,0.5083676959729522,0.0002795553207071847,1.0,False,1.0,False
216,1439,104,0.08336963168867269,0.08505961538461539,0.4171497987622618,0.5184588388534825,0.00027062745397423685,1.0,False,1.0,False
6,1449,104,101.08577322291235,101.49097211538461,0.40937394859892273,0.5223819307776145,0.00026387229281526553,1.0,False,1.0,False
296,1462,103,1887.5381184678522,1761.2783330097088,0.3930507251970712,0.530791716081079,0.00025140877082365784,1.0,False,1.0,False
563,1214,80,0.6801799011532125,0.67145875,0.3848770880670793,0.5351139994515597,0.00029780376951969603,1.0,False,1.0,False
438,1462,103,54.55996415868673,56.70367572815533,0.37994167129700457,0.5377242157582445,0.00024302580656806466,1.0,False,1.0,False
142,1449,104,6.65624568668047,6.4370192307692315,0.36942954674900286,0.5434043609001962,0.00023813125340296006,1.0,False,1.0,False
48,1462,104,139.99064753761968,139.71333557692307,0.36463339383886734,0.5460317313014263,0.00023308721384717747,1.0,False,1.0,False
107,1457,104,-0.0014096774193548384,-0.006756730769230768,0.3625566317059757,0.5471773238441492,0.00023250310209391886,1.0,False,1.0,False
50,1462,104,632.289171887825,631.762526923077,0.36026262879003024,0.548447370116968,0.00023029390185652936,1.0,False,1.0,False
267,1455,104,0.07070515463917526,0.0689326923076923,0.3467461420265902,0.5560462811617415,0.00022265185507696134,1.0,False,1.0,False
73,705,68,468.1360815602837,466.8211,0.34473874191908377,0.5572785100096521,0.00044693212334780103,1.0,False,1.0,False
218,1462,104,3.776088372093023,3.7064769230769232,0.3432990631848141,0.5580156414585866,0.00021945250981060126,1.0,False,1.0,False
447,1462,104,0.2822363201094391,0.27710192307692305,0.34225291273938874,0.558616064656845,0.00021878390876557224,1.0,False,1.0,False
474,1456,104,37.53895164835165,39.010423076923075,0.3409451286178409,0.5593687079041457,0.00021878724914700868,1.0,False,1.0,False
500,1461,104,239.7205577686516,258.69346057692303,0.33484037534064814,0.5629060755368941,0.0002141834024886543,1.0,False,1.0,False
157,130,8,0.04758692307692307,0.039262500000000006,0.33244474896155835,0.5651761371719359,0.0024384859346849603,1.0,False,1.0,False
383,519,30,0.548846050096339,0.4059933333333333,0.3214288068848217,0.5709828152058766,0.0005872761232563275,1.0,False,1.0,False
176,1462,104,0.2450036935704515,0.2406980769230769,0.3205539632077809,0.5713561497521523,0.00020491577790476967,1.0,False,1.0,False
224,1413,103,0.059092073602264684,0.06318932038834953,0.3176666581946017,0.5730967512377175,0.00020977544222648627,1.0,False,1.0,False
419,1461,104,307.8241862422998,326.44035576923073,0.31753825716282963,0.5731716636987255,0.00020311820816443384,1.0,False,1.0,False
290,1454,103,0.12445281980742778,0.10894563106796115,0.3148407096261915,0.5748056580713481,0.00020242892396149398,1.0,False,1.0,False
564,1214,80,6.434481054365734,6.604375,0.31217994995747783,0.5764423726343125,0.00024156697955873415,1.0,False,1.0,False
54,1460,103,4.838299315068493,4.841689320388349,0.311336143013342,0.5769414416339382,0.00019940682925060808,1.0,False,1.0,False
491,1451,104,2.438084493452791,2.506693269230769,0.3046293818245142,0.5810740764412058,0.0001961169599718177,1.0,False,1.0,False
357,1451,104,0.0009969676085458306,0.001025,0.30377469088251563,0.5816049311009547,0.00019556682719255514,1.0,False,1.0,False
425,1460,104,6.710385342465753,8.002597115384615,0.2995629201595287,0.5842347494531754,0.00019174486588193314,1.0,False,1.0,False
4,1449,104,4.404697929606626,1.3034048076923077,0.2937277564240697,0.587919389473519,0.00018934374011095683,1.0,False,1.0,False
522,1463,104,14.70296801093643,15.093179807692307,0.29278862956936386,0.5885160379639498,0.00018705039191147348,1.0,False,1.0,False
275,1449,104,9.30954741200828,0.10601153846153848,0.28782398515129104,0.5916952963610687,0.0001855387380092309,1.0,False,1.0,False
140,1449,104,27.926758247066946,0.3183855769230769,0.2876935033179278,0.5917793110738395,0.00018545464166496513,1.0,False,1.0,False
202,1456,104,10.118003365384617,10.904902884615383,0.2809577668158902,0.5961496776902642,0.00018029981398125485,1.0,False,1.0,False
442,1462,104,1.3476127906976745,1.3121653846153845,0.2806279822993207,0.596365098314895,0.00017939746697579107,1.0,False,1.0,False
245,519,30,1.7532115606936416,1.3233766666666666,0.2783851552203996,0.5979755460093062,0.0005086719351093011,1.0,False,1.0,False
409,1457,104,4.574106794783802,4.669020192307692,0.276850573570988,0.598847772007876,0.00017755062128264914,1.0,False,1.0,False
581,573,45,98.44283717277487,91.45992888888888,0.2652831513256325,0.6066983382279219,0.0004304690830044578,1.0,False,1.0,False
7,1454,104,0.12179037138927098,0.12225673076923077,0.26273761164567483,0.6083183389376644,0.00016882599916829302,1.0,False,1.0,False
362,1413,103,0.018306015569709833,0.019437864077669897,0.2624025372359982,0.6085490789672392,0.00017328736208224287,1.0,False,1.0,False
23,1462,103,-3811.035567647059,-3739.0784786407767,0.2614279792416229,0.6092130253728909,0.0001672324120346019,1.0,False,1.0,False
116,1463,104,0.9871626110731373,0.9866701923076923,0.26094279920510566,0.6095452267368586,0.00016670881644718395,1.0,False,1.0,False
405,1455,104,0.02424453608247423,0.023689423076923073,0.25974502199257715,0.610367609483505,0.00016679620906075325,1.0,False,1.0,False
82,1439,104,0.006180611535788741,0.004315384615384614,0.2591712395066019,0.6107629809774833,0.00016815552137034318,1.0,False,1.0,False
292,130,8,0.01461076923076923,0.012475,0.2588157936151649,0.6117592111343327,0.0018994425579566228,1.0,False,1.0,False
366,1461,104,0.0048058863791923334,0.004927884615384615,0.25446144476407234,0.6140221131749958,0.00016277672703962566,1.0,False,1.0,False
517,519,30,1.7639612716763005,1.30538,0.24901056270423452,0.6179732532501084,0.00045502240826016566,1.0,False,1.0,False
546,1221,86,1.0410381654381653,1.0196418604651158,0.24283880903790037,0.6222461549072467,0.0001860487579916422,1.0,False,1.0,False
61,1457,104,10.422229512697323,10.435939423076924,0.2413634670760269,0.6232922303432005,0.00015479544907620672,1.0,False,1.0,False
285,1460,104,2.122967671232877,2.0752605769230774,0.23818848619225588,0.6255860563525091,0.00015246617829964642,1.0,False,1.0,False
35,1462,104,64.56421757865937,64.43727307692308,0.2359038308057569,0.627248399049146,0.00015081090405099067,1.0,False,1.0,False
219,1451,104,0.003248656099241903,0.0033288461538461545,0.23018672644601432,0.6314529687129965,0.00014819872058445508,1.0,False,1.0,False
150,1460,104,6.824760958904111,6.666961538461539,0.22991238524247776,0.6316559265820552,0.0001471693656738695,1.0,False,1.0,False
255,1463,104,0.4042243335611757,0.39855576923076924,0.2153571269365612,0.6426650992672209,0.00013758945435589598,1.0,False,1.0,False
480,1457,104,75.64863191489363,73.9900548076923,0.20879896016746238,0.6477740601953764,0.00013391340550843083,1.0,False,1.0,False
217,1439,104,0.07149131341209174,0.07362884615384614,0.20676575240664213,0.6493783183740872,0.0001341583472128719,1.0,False,1.0,False
487,1439,104,240.27580340514245,228.10276057692312,0.20636184493698248,0.6496979969924244,0.00013389631008916332,1.0,False,1.0,False
169,1462,103,0.4010554035567716,0.3919126213592233,0.20522835135449197,0.6505962403605411,0.00013128688903563926,1.0,False,1.0,False
136,1457,104,138.03205216197668,140.47403846153844,0.1990756292639704,0.6555299694078681,0.0001276781344830016,1.0,False,1.0,False
525,1439,104,5.548502918693537,5.724975000000001,0.19642636605697125,0.657683187202275,0.00012745057196902573,1.0,False,1.0,False
253,1439,104,0.033148505906879774,0.03415288461538461,0.19445865139545274,0.6592931993020589,0.0001261739881712343,1.0,False,1.0,False
228,1461,104,0.01781273100616016,0.018289423076923075,0.1909929669395173,0.66215183209959,0.00012218146585978837,1.0,False,1.0,False
527,1463,104,6.400965071770335,6.321891346153846,0.1701053619029549,0.6800746762440538,0.0001086817089849944,1.0,False,1.0,False
523,1463,104,0.46539501025290503,0.2921423076923077,0.16933572904621014,0.6807591889216408,0.00010819003744878167,1.0,False,1.0,False
389,1463,104,0.0013710184552289814,0.0008788461538461539,0.1683724474491573,0.6816185011847824,0.00010757465485063017,1.0,False,1.0,False
251,1463,104,0.004387833219412166,0.002835576923076923,0.1665248954228827,0.6832747136964229,0.00010639436301131538,1.0,False,1.0,False
282,1461,104,0.005746954140999314,0.006091346153846152,0.15742432715689236,0.6915931981539654,0.00010070919582821596,1.0,False,1.0,False
356,1462,104,1.299650341997264,1.2842653846153846,0.15342974958144337,0.695332441329263,9.809124006844197e-05,1.0,False,1.0,False
321,1462,104,2.2692451436388508,2.186160576923077,0.1494700318897441,0.6990949223106332,9.555994152316919e-05,1.0,False,1.0,False
17,1460,104,0.9714751369863015,0.9710057692307692,0.14691646932176813,0.7015518387039044,9.404779267107575e-05,1.0,False,1.0,False
277,1449,104,2.2138247757073843,2.1678278846153844,0.14334005578508474,0.7050346823144896,9.240929067195698e-05,1.0,False,1.0,False
96,1457,104,0.017688126286890878,0.00926057692307692,0.1429143055718991,0.7054522816323926,9.166209477054394e-05,1.0,False,1.0,False
473,1456,104,39.369835851648354,40.225003846153854,0.14067795543943729,0.7076590116706164,9.02857857636024e-05,1.0,False,1.0,False
46,1462,104,733.7033568399454,733.243414423077,0.13859678430818084,0.7097304402573744,8.860901750853267e-05,1.0,False,1.0,False
91,1457,104,0.002220727522306108,0.005509615384615385,0.1364951783142859,0.7118406176583469,8.754536805238156e-05,1.0,False,1.0,False
482,1439,104,319.11555594162616,308.7728942307692,0.1313108089224732,0.7171264887905223,8.520416657653293e-05,1.0,False,1.0,False
185,1462,104,7.382995896032832,7.123173076923076,0.12676459312951496,0.7218585110954997,8.104496131583726e-05,1.0,False,1.0,False
55,1460,103,2856.2335616438354,2855.3009708737864,0.12613594257968158,0.7225205386020374,8.079804679170205e-05,1.0,False,1.0,False
355,1439,104,0.03448922863099374,0.03528846153846154,0.12443940401473452,0.7243168433936704,8.074585077818899e-05,1.0,False,1.0,False
248,1463,104,0.025054272043745725,0.026816346153846152,0.12429822719453415,0.7244661501199151,7.941747970773075e-05,1.0,False,1.0,False
18,1460,104,190.0539228767123,189.95513076923075,0.12244339043745504,0.7264465717020391,7.838270998251573e-05,1.0,False,1.0,False
368,1457,104,0.0031666437886067257,0.003241346153846154,0.12198770308101743,0.7269357534232161,7.824128197995176e-05,1.0,False,1.0,False
578,573,45,0.02156876090750436,0.022197777777777775,0.11980205274402819,0.729367463126494,0.0001944460352432773,1.0,False,1.0,False
548,1221,86,75.67141195741195,75.79997674418604,0.11543961463686696,0.7340888913381228,8.845165043098355e-05,1.0,False,1.0,False
84,1451,104,0.13311936595451412,0.13294807692307692,0.11152559231596074,0.7384589988304128,7.180784539824212e-05,1.0,False,1.0,False
45,1462,104,136.72559008207935,136.98864326923075,0.1089865030688652,0.74134516403726,6.967960929148968e-05,1.0,False,1.0,False
457,1462,104,5.273763474692203,5.121714423076923,0.1089508172902014,0.7413859967722857,6.965679547660184e-05,1.0,False,1.0,False
412,1449,104,30.869988957902002,31.48711826923077,0.10893182308376229,0.7414081039831483,7.022835137421962e-05,1.0,False,1.0,False
92,1461,104,0.0005140314852840521,0.00040673076923077023,0.10701532823935496,0.743611874327188,6.84632128126445e-05,1.0,False,1.0,False
386,1463,104,0.00824688995215311,0.008757692307692307,0.10555241068117463,0.7453090316059379,6.7441081222027e-05,1.0,False,1.0,False
147,1461,104,0.017352840520191648,0.018227884615384618,0.10099661473791736,0.7506793709282044,6.461298083530746e-05,1.0,False,1.0,False
520,1463,104,2.68430991114149,2.8604375,0.09257665520623584,0.7609671284639353,5.915091323484755e-05,1.0,False,1.0,False
303,1462,103,0.04031422708618331,0.04076407766990291,0.0924236801016155,0.7611587344413333,5.9128736536264596e-05,1.0,False,1.0,False
304,1462,103,0.13220752393980847,0.13021650485436892,0.09059733789805803,0.7634591676878022,5.7960388254113654e-05,1.0,False,1.0,False
440,1462,103,11.538861354309164,11.352811650485435,0.08745384893667629,0.7674786451269557,5.594942798711012e-05,1.0,False,1.0,False
168,1462,103,0.12430300957592338,0.1257281553398058,0.08606299541394793,0.7692821569334565,5.505966526821969e-05,1.0,False,1.0,False
173,1462,104,0.5763789329685363,0.5735634615384615,0.08392759989741777,0.7720821627938209,5.365926880036982e-05,1.0,False,1.0,False
420,1461,104,1.8155711841204656,1.9011971153846154,0.07609141289663603,0.7827022631313973,4.8680555805735103e-05,1.0,False,1.0,False
250,1463,104,109.54962337662337,111.07659423076925,0.07590526372981259,0.7829615071808598,4.84994136543325e-05,1.0,False,1.0,False
354,1439,104,0.041945170257123,0.04158653846153845,0.0730050858148723,0.7870467779148245,4.737289250667872e-05,1.0,False,1.0,False
338,1456,104,3.0272789835164837,3.181793269230769,0.07268046891751384,0.7875089677482788,4.664767557290049e-05,1.0,False,1.0,False
390,1463,104,1.468733766233766,0.9132586538461539,0.07247012201842139,0.7878091481565808,4.630464301296624e-05,1.0,False,1.0,False
268,1455,104,19.491305154639175,19.69175,0.0722550408588843,0.7881169137634101,4.6404423831306156e-05,1.0,False,1.0,False
209,1457,104,0.03167467398764585,0.0,0.07133705500137284,0.7894352113862744,4.57561198810341e-05,1.0,False,1.0,False
206,1457,104,0.0013726835964310226,0.0,0.07133705500137276,0.7894352113862745,4.5756119881034096e-05,1.0,False,1.0,False
478,1457,104,0.13726835964310227,0.0,0.07133705500137273,0.7894352113862745,4.575611988103408e-05,1.0,False,1.0,False
74,1457,104,0.0028795470144131778,0.0,0.07133705500137281,0.7894352113862745,4.575611988103406e-05,1.0,False,1.0,False
342,1457,104,0.00030693205216197666,0.0,0.07133705500137279,0.7894352113862745,4.575611988103408e-05,1.0,False,1.0,False
347,1457,104,0.009550240219629375,0.0,0.07133705500137269,0.7894352113862746,4.5756119881034096e-05,1.0,False,1.0,False
53,1460,103,4.5928726027397255,4.594368932038835,0.07130135488474199,0.7894866191140097,4.567463050719408e-05,1.0,False,1.0,False
444,1462,104,0.8953212038303695,0.8911288461538462,0.07051241117080127,0.7906271623211414,4.5082629338814826e-05,1.0,False,1.0,False
490,1462,104,51.38633932968535,50.90006442307693,0.07043799957415295,0.7907350943083443,4.503505587909278e-05,1.0,False,1.0,False
283,1461,104,2.8144331964407936,2.6571971153846152,0.06975564540752746,0.7917277112714454,4.462733998632349e-05,1.0,False,1.0,False
252,1463,104,4.758911893369788,3.0442971153846154,0.06888460959176902,0.7930023061015371,4.401378767999233e-05,1.0,False,1.0,False
384,519,30,1.293967437379576,1.1380666666666668,0.06854668597835163,0.7935632327140826,0.0001252981667353978,1.0,False,1.0,False
459,1462,104,2.8360637482900137,2.8709432692307693,0.06520093811955373,0.798490418853864,4.168684149512841e-05,1.0,False,1.0,False
496,1413,103,29.909042321302195,29.274001941747567,0.06382375582240629,0.8005856264634241,4.215394015827211e-05,1.0,False,1.0,False
413,1449,104,25.693540579710145,24.48621923076923,0.0631591274552509,0.8016040269268411,4.0719894018230094e-05,1.0,False,1.0,False
51,1462,104,157.32344671682625,158.79224326923077,0.056397219269998626,0.8123147714411257,3.6058302865720024e-05,1.0,False,1.0,False
583,1462,104,0.015290355677154584,0.015702884615384615,0.05594914068942142,0.8130479770693401,3.577182818821781e-05,1.0,False,1.0,False
12,1461,104,199.96199514031488,199.88395769230766,0.05569343478483683,0.8134678068567278,3.563112627326821e-05,1.0,False,1.0,False
516,519,30,0.7047809248554914,0.23112000000000005,0.05461996614706608,0.8152982228821138,9.984371606339067e-05,1.0,False,1.0,False
382,519,30,0.001889788053949903,0.0007166666666666668,0.05449173211064262,0.8155112459277485,9.960933130830924e-05,1.0,False,1.0,False
244,519,30,0.005956647398843932,0.0022666666666666664,0.053838425630980055,0.8166006479665829,9.841522323638567e-05,1.0,False,1.0,False
524,1463,104,5.7199311688311685,5.235524038461539,0.05332893913341551,0.8173989079072227,3.407483831210038e-05,1.0,False,1.0,False
162,1462,103,4807.294117647059,4653.233009708738,0.0531419503617321,0.817713713192545,3.3998812283133146e-05,1.0,False,1.0,False
323,1462,104,5.3895737346101225,5.447486538461539,0.05129404604912708,0.82085623934288,3.279562904643384e-05,1.0,False,1.0,False
187,1462,104,17.923194186046512,18.120384615384616,0.05089788815457235,0.8215376583316641,3.254234770958975e-05,1.0,False,1.0,False
540,1455,104,1.9417202061855672,1.9583278846153847,0.04994201374025673,0.823193521150101,3.207476677059278e-05,1.0,False,1.0,False
119,1463,104,0.9707637047163363,0.9709653846153846,0.04929055001384995,0.8243313666535572,3.149456717527108e-05,1.0,False,1.0,False
148,1461,104,8.499317590691307,8.077825961538462,0.049081131429089785,0.8246988964796015,3.140088946763063e-05,1.0,False,1.0,False
72,705,68,150.31607673758867,150.833025,0.04895371211315609,0.8249525801329328,6.348975882461087e-05,1.0,False,1.0,False
584,1462,104,0.0038411764705882354,0.003922115384615385,0.04592499407390907,0.8303401366843187,2.9362944744786367e-05,1.0,False,1.0,False
77,1439,104,-0.007087074357192495,-0.006409615384615385,0.04521110267401166,0.8316444519301143,2.9337946965009287e-05,1.0,False,1.0,False
274,1449,104,136.4140935127674,134.59726538461538,0.04367810163597543,0.8344810955392089,2.8160458826945223e-05,1.0,False,1.0,False
421,1461,104,4.18410636550308,4.039902884615385,0.04220987790334434,0.837246979070836,2.700495075346774e-05,1.0,False,1.0,False
585,1462,104,3.0630234610123117,3.1353442307692303,0.039642380776879746,0.8422073155545744,2.534614833453704e-05,1.0,False,1.0,False
361,1463,104,39.959004511278195,39.61850961538461,0.03867170671996535,0.8441260099770005,2.4709745145015325e-05,1.0,False,1.0,False
246,519,30,4.168471098265896,3.8074266666666667,0.03657347661510034,0.8484070157317664,6.685746143564536e-05,1.0,False,1.0,False
287,1460,104,0.3769925342465754,0.2346798076923077,0.03601721077039576,0.8495046131355095,2.305786190174378e-05,1.0,False,1.0,False
139,1449,104,417.10420082815733,412.0683432692307,0.035473448838152906,0.8506316623998493,2.287081723493786e-05,1.0,False,1.0,False
518,519,30,1.8153612716763006,1.6490433333333334,0.03521283958854104,0.851219952140255,6.437033441733255e-05,1.0,False,1.0,False
552,1221,86,0.2763167076167076,0.28195930232558136,0.03349893564424149,0.8548051501762032,2.5669023570323635e-05,1.0,False,1.0,False
152,1460,104,1.2254723287671234,0.7932798076923078,0.03320003128312772,0.8554425438894891,2.125436980626456e-05,1.0,False,1.0,False
432,1462,103,99.21857818057455,101.48333786407768,0.030974500100572323,0.8603200887607324,1.9816945796918226e-05,1.0,False,1.0,False
586,1462,104,0.02144473324213406,0.021650961538461536,0.027021323807366455,0.8694519564611405,1.727676276621847e-05,1.0,False,1.0,False
109,519,30,0.9800065510597301,0.9797499999999999,0.02464689138611076,0.8753080694868162,4.505627219205707e-05,1.0,False,1.0,False
549,1221,86,0.6624850122850122,0.6742093023255815,0.024339453613361824,0.8760484254606925,1.8650574458674846e-05,1.0,False,1.0,False
297,1462,103,2346.191855061559,2295.0653291262133,0.024138718161166715,0.876552532959906,1.544359908668005e-05,1.0,False,1.0,False
391,1439,104,0.010949061848505906,0.011051923076923077,0.022590815143685324,0.8805456998497803,1.4659626197780915e-05,1.0,False,1.0,False
177,1462,104,0.3950335157318741,0.39091346153846157,0.020580122064868943,0.8859471679449806,1.3158472673845614e-05,1.0,False,1.0,False
448,1462,104,0.332493365253078,0.3291317307692307,0.019641789269243655,0.888560179530636,1.2558531072393782e-05,1.0,False,1.0,False
495,1463,104,6.810894736842105,6.764652884615385,0.01952390716624235,0.8888929011586728,1.2475184410159184e-05,1.0,False,1.0,False
171,1462,104,0.12000896032831737,0.12083942307692307,0.01811197205812738,0.8929606968899446,1.1580410686734192e-05,1.0,False,1.0,False
358,215,11,0.0024437209302325584,0.002427272727272727,0.01809294189946193,0.8931200797528803,8.076553845208986e-05,1.0,False,1.0,False
393,1463,104,0.1340237867395762,0.1335076923076923,0.017520235361480504,0.8947133826976192,1.119491324215087e-05,1.0,False,1.0,False
306,1462,104,0.04860047879616963,0.048941346153846155,0.01747515563683617,0.8948481438260221,1.1173248326459623e-05,1.0,False,1.0,False
320,1462,104,0.04307701778385773,0.043497115384615384,0.016844156011808428,0.896753189936848,1.0769804733719391e-05,1.0,False,1.0,False
184,1462,104,0.1447218878248974,0.1461307692307692,0.015860595742005625,0.8997965106578879,1.0140943031078856e-05,1.0,False,1.0,False
312,1462,104,0.16014876880984955,0.15867403846153844,0.015333038385889772,0.9014684444552409,9.803636871068067e-06,1.0,False,1.0,False
350,1439,104,0.023189993050729676,0.023369230769230767,0.015173318840088719,0.9019806049629763,9.84631371760567e-06,1.0,False,1.0,False
367,1457,104,0.003775497597803706,0.0037423076923076923,0.014668845186318601,0.9036155495298582,9.40904885595752e-06,1.0,False,1.0,False
15,1460,104,413.0992897260274,412.8999653846153,0.01299793271154316,0.9092457256644226,8.32127051999857e-06,1.0,False,1.0,False
566,1214,80,2.61009176276771,2.6226737499999997,0.01113117000427861,0.915991987486826,8.615382434203928e-06,1.0,False,1.0,False
589,1462,104,99.73649466484267,98.7362375,0.011012383475558525,0.9164369507987236,7.041116327420105e-06,1.0,False,1.0,False
1,1457,103,2495.906115305422,2495.059708737865,0.01065268786057027,0.917808110962072,6.837365227361814e-06,1.0,False,1.0,False
289,1460,104,2.5797009589041098,2.563083653846154,0.010246584010316188,0.9193845159591499,6.559869906567405e-06,1.0,False,1.0,False
36,1462,104,49.418170177838576,49.40612884615385,0.01005943462928197,0.920121605761656,6.431822205102679e-06,1.0,False,1.0,False
34,1462,104,50.58183891928865,50.59387980769231,0.010058706076775063,0.9201244887101973,6.431356384685974e-06,1.0,False,1.0,False
94,1457,104,-2.9032258064516133e-05,-3.076923076923078e-05,0.009652260951059933,0.9217496488883659,6.191277223371804e-06,1.0,False,1.0,False
212,1439,104,0.05141091035441279,0.05172500000000001,0.009589522230890105,0.9220037051596226,6.222882904877722e-06,1.0,False,1.0,False
41,1439,104,3.351491869353718,3.3748490384615386,0.009490938281609563,0.9224043825890023,6.158909687071885e-06,1.0,False,1.0,False
16,1460,104,9.906091575342467,9.928818269230769,0.008672128306231288,0.9258167847890617,5.551907912530307e-06,1.0,False,1.0,False
345,705,68,7.9753129078014195,7.782777941176471,0.007486169986316919,0.9310734113598012,9.709594421066984e-06,1.0,False,1.0,False
346,705,68,5.786559574468085,5.6007220588235285,0.007334627003602489,0.9317728969476519,9.513044395551617e-06,1.0,False,1.0,False
156,1463,104,0.05804313055365686,0.05872788461538462,0.0072582509107163495,0.9321169692611244,4.637838497201967e-06,1.0,False,1.0,False
39,1462,104,118.68057920656635,118.66514807692307,0.007074346123435231,0.932980427990547,4.523218749759942e-06,1.0,False,1.0,False
71,1457,104,104.3462796156486,104.08742115384615,0.006488413351531544,0.9358096226547092,4.16188989574725e-06,1.0,False,1.0,False
570,1463,104,530.5313482570061,530.4149557692308,0.004292589424314686,0.9477700579766111,2.742861118424236e-06,1.0,False,1.0,False
308,1462,104,0.21842879616963062,0.21820961538461542,0.00413061111306179,0.9487635886775241,2.641048723730543e-06,1.0,False,1.0,False
154,1460,104,7.695783835616439,7.728674038461538,0.003823601010529176,0.9507019242093296,2.4478819787483595e-06,1.0,False,1.0,False
113,1463,104,0.94541989063568,0.9454846153846154,0.0027615030573164435,0.9580971584661441,1.7645355811849452e-06,1.0,False,1.0,False
472,1456,104,137.87286449175824,138.1059826923077,0.002317092507523456,0.9616138760132596,1.4872201935152669e-06,1.0,False,1.0,False
223,1463,104,122.86227505126452,122.6256576923077,0.0017858270045149859,0.9662975829308884,1.1411022151461054e-06,1.0,False,1.0,False
2,1449,104,2200.5548855762595,2200.441876923077,0.0014218145540418907,0.9699261820822095,9.167074472298672e-07,1.0,False,1.0,False
456,1462,104,12.323816894664844,12.351951923076923,0.0011632311715904988,0.9727968364813429,7.43753392860123e-07,1.0,False,1.0,False
427,1460,104,4.0578919178082185,4.067049038461539,0.0008790831154549529,0.976350505934173,5.627929710072648e-07,1.0,False,1.0,False
108,1457,104,-0.010804941660947151,-0.010559615384615388,0.0007756809781040584,0.9777845144218785,4.975500911891609e-07,1.0,False,1.0,False
105,1457,104,-0.0004982841455044612,-0.0004923076923076934,0.000337883277588257,0.9853367818558922,2.1673072761935412e-07,1.0,False,1.0,False
132,1455,104,2.3185394501718215,2.3186173076923073,0.00020790396983520987,0.9884976477889301,1.335285433982037e-07,1.0,False,1.0,False
429,1463,104,4.1713712235133285,4.178489423076924,0.00011871942813500142,0.991307934612025,7.585905375660561e-08,1.0,False,1.0,False
291,1463,104,0.01992617908407382,0.019926923076923078,8.228620621141803e-08,0.9997711588090522,5.2579045500235904e-11,1.0,False,1.0,False
328,1460,103,0.0,0.0,0.0,1.0,0.0,1.0,False,1.0,False
329,1460,103,0.0,0.0,0.0,1.0,0.0,1.0,False,1.0,False
381,1457,104,0.0,0.0,0.0,1.0,0.0,1.0,False,1.0,False
380,1457,104,0.0,0.0,0.0,1.0,0.0,1.0,False,1.0,False
379,1457,104,0.0,0.0,0.0,1.0,0.0,1.0,False,1.0,False
327,1460,103,0.0,0.0,0.0,1.0,0.0,1.0,False,1.0,False
325,1462,104,0.0,0.0,0.0,1.0,0.0,1.0,False,1.0,False
326,1460,103,0.0,0.0,0.0,1.0,0.0,1.0,False,1.0,False
322,1462,104,0.0,0.0,0.0,1.0,0.0,1.0,False,1.0,False
373,1457,104,0.0,0.0,0.0,1.0,0.0,1.0,False,1.0,False
330,1460,103,0.0,0.0,0.0,1.0,0.0,1.0,False,1.0,False
395,1454,104,0.0,0.0,0.0,1.0,0.0,1.0,False,1.0,False
397,1454,104,0.0,0.0,0.0,1.0,0.0,1.0,False,1.0,False
396,1454,104,0.0,0.0,0.0,1.0,0.0,1.0,False,1.0,False
399,1454,104,0.0,0.0,0.0,1.0,0.0,1.0,False,1.0,False
400,1454,104,0.0,0.0,0.0,1.0,0.0,1.0,False,1.0,False
401,1454,104,0.0,0.0,0.0,1.0,0.0,1.0,False,1.0,False
458,1462,104,0.0,0.0,0.0,1.0,0.0,1.0,False,1.0,False
465,1460,103,0.0,0.0,0.0,1.0,0.0,1.0,False,1.0,False
69,1457,104,1.0,1.0,0.0,1.0,0.0,1.0,False,1.0,False
463,1460,103,0.0,0.0,0.0,1.0,0.0,1.0,False,1.0,False
464,1460,103,0.0,0.0,0.0,1.0,0.0,1.0,False,1.0,False
462,1460,103,0.0,0.0,0.0,1.0,0.0,1.0,False,1.0,False
461,1462,104,0.0,0.0,0.0,1.0,0.0,1.0,False,1.0,False
422,1460,104,0.0,0.0,0.0,1.0,0.0,1.0,False,1.0,False
449,1439,104,0.0,0.0,0.0,1.0,0.0,1.0,False,1.0,False
450,1439,104,0.0,0.0,0.0,1.0,0.0,1.0,False,1.0,False
52,1462,104,0.0,0.0,0.0,1.0,0.0,1.0,False,1.0,False
481,1457,104,0.0,0.0,0.0,1.0,0.0,1.0,False,1.0,False
276,1449,104,0.0,0.0,0.0,1.0,0.0,1.0,False,1.0,False
141,1449,104,0.0,0.0,0.0,1.0,0.0,1.0,False,1.0,False
313,1439,104,0.0,0.0,0.0,1.0,0.0,1.0,False,1.0,False
314,1439,104,0.0,0.0,0.0,1.0,0.0,1.0,False,1.0,False
315,1462,104,0.0,0.0,0.0,1.0,0.0,1.0,False,1.0,False
149,1460,104,0.0,0.0,0.0,1.0,0.0,1.0,False,1.0,False
258,1454,104,0.0,0.0,0.0,1.0,0.0,1.0,False,1.0,False
259,1454,104,0.0,0.0,0.0,1.0,0.0,1.0,False,1.0,False
378,1457,104,0.0,0.0,0.0,1.0,0.0,1.0,False,1.0,False
374,1457,104,0.0,0.0,0.0,1.0,0.0,1.0,False,1.0,False
375,1457,104,0.0,0.0,0.0,1.0,0.0,1.0,False,1.0,False
364,1457,104,0.0,0.0,0.0,1.0,0.0,1.0,False,1.0,False
369,1457,104,0.0,0.0,0.0,1.0,0.0,1.0,False,1.0,False
394,1454,104,0.0,0.0,0.0,1.0,0.0,1.0,False,1.0,False
372,1457,104,0.0,0.0,0.0,1.0,0.0,1.0,False,1.0,False
414,1449,104,0.0,0.0,0.0,1.0,0.0,1.0,False,1.0,False
404,1454,104,0.0,0.0,0.0,1.0,0.0,1.0,False,1.0,False
403,1454,104,0.0,0.0,0.0,1.0,0.0,1.0,False,1.0,False
402,1454,104,0.0,0.0,0.0,1.0,0.0,1.0,False,1.0,False
97,1457,104,0.0,0.0,0.0,1.0,0.0,1.0,False,1.0,False
370,1457,104,0.0,0.0,0.0,1.0,0.0,1.0,False,1.0,False
398,1454,104,0.0,0.0,0.0,1.0,0.0,1.0,False,1.0,False
371,1457,104,0.0,0.0,0.0,1.0,0.0,1.0,False,1.0,False
190,1460,103,0.0,0.0,0.0,1.0,0.0,1.0,False,1.0,False
192,1460,103,0.0,0.0,0.0,1.0,0.0,1.0,False,1.0,False
13,1460,104,0.0,0.0,0.0,1.0,0.0,1.0,False,1.0,False
5,1449,104,100.0,100.0,0.0,1.0,0.0,1.0,False,1.0,False
193,1460,103,0.0,0.0,0.0,1.0,0.0,1.0,False,1.0,False
191,1460,103,0.0,0.0,0.0,1.0,0.0,1.0,False,1.0,False
509,1457,104,0.0,0.0,0.0,1.0,0.0,1.0,False,1.0,False
508,1457,104,0.0,0.0,0.0,1.0,0.0,1.0,False,1.0,False
507,1457,104,0.0,0.0,0.0,1.0,0.0,1.0,False,1.0,False
506,1457,104,0.0,0.0,0.0,1.0,0.0,1.0,False,1.0,False
505,1457,104,0.0,0.0,0.0,1.0,0.0,1.0,False,1.0,False
504,1457,104,0.0,0.0,0.0,1.0,0.0,1.0,False,1.0,False
503,1457,104,0.0,0.0,0.0,1.0,0.0,1.0,False,1.0,False
502,1457,104,0.0,0.0,0.0,1.0,0.0,1.0,False,1.0,False
501,1457,104,0.0,0.0,0.0,1.0,0.0,1.0,False,1.0,False
498,1457,104,0.0,0.0,0.0,1.0,0.0,1.0,False,1.0,False
529,1454,104,0.0,0.0,0.0,1.0,0.0,1.0,False,1.0,False
466,1460,103,0.0,0.0,0.0,1.0,0.0,1.0,False,1.0,False
265,1454,104,0.0,0.0,0.0,1.0,0.0,1.0,False,1.0,False
266,1454,104,0.0,0.0,0.0,1.0,0.0,1.0,False,1.0,False
263,1454,104,0.0,0.0,0.0,1.0,0.0,1.0,False,1.0,False
264,1454,104,0.0,0.0,0.0,1.0,0.0,1.0,False,1.0,False
284,1460,104,0.0,0.0,0.0,1.0,0.0,1.0,False,1.0,False
451,1462,104,0.0,0.0,0.0,1.0,0.0,1.0,False,1.0,False
262,1454,104,0.0,0.0,0.0,1.0,0.0,1.0,False,1.0,False
261,1454,104,0.0,0.0,0.0,1.0,0.0,1.0,False,1.0,False
260,1454,104,0.0,0.0,0.0,1.0,0.0,1.0,False,1.0,False
229,1457,104,0.0,0.0,0.0,1.0,0.0,1.0,False,1.0,False
512,1457,104,0.0,0.0,0.0,1.0,0.0,1.0,False,1.0,False
243,1457,104,0.0,0.0,0.0,1.0,0.0,1.0,False,1.0,False
257,1454,104,0.0,0.0,0.0,1.0,0.0,1.0,False,1.0,False
256,1454,104,0.0,0.0,0.0,1.0,0.0,1.0,False,1.0,False
242,1457,104,0.0,0.0,0.0,1.0,0.0,1.0,False,1.0,False
514,1457,104,0.0,0.0,0.0,1.0,0.0,1.0,False,1.0,False
515,1457,104,0.0,0.0,0.0,1.0,0.0,1.0,False,1.0,False
528,1454,104,0.0,0.0,0.0,1.0,0.0,1.0,False,1.0,False
226,1457,104,0.0,0.0,0.0,1.0,0.0,1.0,False,1.0,False
513,1457,104,0.0,0.0,0.0,1.0,0.0,1.0,False,1.0,False
533,1454,104,0.0,0.0,0.0,1.0,0.0,1.0,False,1.0,False
532,1454,104,0.0,0.0,0.0,1.0,0.0,1.0,False,1.0,False
531,1454,104,0.0,0.0,0.0,1.0,0.0,1.0,False,1.0,False
530,1454,104,0.0,0.0,0.0,1.0,0.0,1.0,False,1.0,False
49,1462,104,1.0,1.0,0.0,1.0,0.0,1.0,False,1.0,False
241,1457,104,0.0,0.0,0.0,1.0,0.0,1.0,False,1.0,False
240,1457,104,0.0,0.0,0.0,1.0,0.0,1.0,False,1.0,False
237,1457,104,0.0,0.0,0.0,1.0,0.0,1.0,False,1.0,False
233,1457,104,0.0,0.0,0.0,1.0,0.0,1.0,False,1.0,False
236,1457,104,0.0,0.0,0.0,1.0,0.0,1.0,False,1.0,False
235,1457,104,0.0,0.0,0.0,1.0,0.0,1.0,False,1.0,False
234,1457,104,0.0,0.0,0.0,1.0,0.0,1.0,False,1.0,False
231,1457,104,0.0,0.0,0.0,1.0,0.0,1.0,False,1.0,False
232,1457,104,0.0,0.0,0.0,1.0,0.0,1.0,False,1.0,False
230,1457,104,0.0,0.0,0.0,1.0,0.0,1.0,False,1.0,False
538,1454,104,0.0,0.0,0.0,1.0,0.0,1.0,False,1.0,False
42,1462,104,70.0,70.0,0.0,1.0,0.0,1.0,False,1.0,False
536,1454,104,0.0,0.0,0.0,1.0,0.0,1.0,False,1.0,False
534,1454,104,0.0,0.0,0.0,1.0,0.0,1.0,False,1.0,False
535,1454,104,0.0,0.0,0.0,1.0,0.0,1.0,False,1.0,False
537,1454,104,0.0,0.0,0.0,1.0,0.0,1.0,False,1.0,False
194,1460,103,0.0,0.0,0.0,1.0,0.0,1.0,False,1.0,False
179,1462,104,0.0,0.0,0.0,1.0,0.0,1.0,False,1.0,False
178,1439,104,0.0,0.0,0.0,1.0,0.0,1.0,False,1.0,False
189,1462,104,0.0,0.0,0.0,1.0,0.0,1.0,False,1.0,False
186,1462,104,0.0,0.0,0.0,1.0,0.0,1.0,False,1.0,False
